:START_ID,:END_ID,:TYPE
scene/28f345c7,event/63922cb3,INCLUDES
scene/28f345c7,event/4f9c7ad1,INCLUDES
scene/28f345c7,event/e5fdf84b,INCLUDES
scene/28f345c7,event/fe79e59d,INCLUDES
scene/28f345c7,event/1ec594b3,INCLUDES
scene/28f345c7,event/fbf09d2f,INCLUDES
scene/28f345c7,event/65dc6d26,INCLUDES
scene/28f345c7,event/4b48c598,INCLUDES
scene/28f345c7,event/c70703fd,INCLUDES
scene/28f345c7,event/75ff4db5,INCLUDES
scene/28f345c7,event/cc954075,INCLUDES
scene/28f345c7,event/8f6d9f60,INCLUDES
scene/28f345c7,event/2ff3fa0e,INCLUDES
scene/28f345c7,event/9968a12a,INCLUDES
scene/28f345c7,event/d1a05c4c,INCLUDES
scene/28f345c7,event/13932c21,INCLUDES
scene/28f345c7,event/fad63d27,INCLUDES
scene/28f345c7,event/c1c77aee,INCLUDES
scene/28f345c7,event/93b12826,INCLUDES
scene/28f345c7,event/16f74a7a,INCLUDES
scene/28f345c7,event/12c5776d,INCLUDES
scene/28f345c7,event/20a75a2b,INCLUDES
scene/28f345c7,event/5fb52743,INCLUDES
scene/28f345c7,event/f36d5398,INCLUDES
scene/28f345c7,event/97c2b8b7,INCLUDES
scene/28f345c7,event/387eb776,INCLUDES
scene/28f345c7,event/cd39f1b3,INCLUDES
scene/28f345c7,event/5cb06026,INCLUDES
scene/d25dd60e,event/7a60a821,INCLUDES
scene/d25dd60e,event/9ea27bf2,INCLUDES
scene/d25dd60e,event/35d258c4,INCLUDES
scene/d25dd60e,event/9043a132,INCLUDES
scene/d25dd60e,event/9f1b1071,INCLUDES
scene/d25dd60e,event/8a8012e4,INCLUDES
scene/d25dd60e,event/0182b047,INCLUDES
scene/d25dd60e,event/583505cf,INCLUDES
scene/d25dd60e,event/03eec9c7,INCLUDES
scene/d25dd60e,event/ff5a94f9,INCLUDES
scene/d25dd60e,event/d7d2f78e,INCLUDES
scene/d25dd60e,event/4e5670ea,INCLUDES
scene/d25dd60e,event/76179b3b,INCLUDES
scene/d25dd60e,event/e1d06373,INCLUDES
scene/d25dd60e,event/64d73e0f,INCLUDES
scene/d25dd60e,event/0b558c23,INCLUDES
scene/d25dd60e,event/ed798850,INCLUDES
scene/d25dd60e,event/669ca926,INCLUDES
scene/d25dd60e,event/9b273375,INCLUDES
scene/d25dd60e,event/9f1b1071,INCLUDES
scene/d25dd60e,event/ca509e3f,INCLUDES
scene/d25dd60e,event/11bf170c,INCLUDES
scene/d25dd60e,event/4b36bf90,INCLUDES
scene/d25dd60e,event/2d8196fc,INCLUDES
scene/d25dd60e,event/5b517906,INCLUDES
scene/d25dd60e,event/b0fcc56a,INCLUDES
scene/d25dd60e,event/4b64dc65,INCLUDES
scene/d25dd60e,event/62f13781,INCLUDES
scene/d25dd60e,event/f8183ef8,INCLUDES
scene/d25dd60e,event/4199a4da,INCLUDES
scene/d25dd60e,event/d87a7520,INCLUDES
scene/7ed6ff64,event/32d537c8,INCLUDES
scene/7ed6ff64,event/ba4df395,INCLUDES
scene/7ed6ff64,event/9cf47ec5,INCLUDES
scene/7ed6ff64,event/5ab2d0f3,INCLUDES
scene/7ed6ff64,event/a9b71859,INCLUDES
scene/7ed6ff64,event/4d06c4f1,INCLUDES
scene/7ed6ff64,event/12c5c913,INCLUDES
scene/7ed6ff64,event/2059cbad,INCLUDES
scene/7ed6ff64,event/11ef0d14,INCLUDES
scene/7ed6ff64,event/eec2e5d3,INCLUDES
scene/7ed6ff64,event/985248b3,INCLUDES
scene/7ed6ff64,event/547f4bfe,INCLUDES
scene/7ed6ff64,event/28788e0d,INCLUDES
scene/7ed6ff64,event/9f12dc51,INCLUDES
scene/7ed6ff64,event/50eaf4f6,INCLUDES
scene/7ed6ff64,event/3abf5242,INCLUDES
scene/7ed6ff64,event/1cf50896,INCLUDES
scene/7ed6ff64,event/3ad68478,INCLUDES
scene/7ed6ff64,event/195c7687,INCLUDES
scene/7ed6ff64,event/4fca512e,INCLUDES
scene/7ed6ff64,event/057628b4,INCLUDES
scene/7ed6ff64,event/9a171c3c,INCLUDES
scene/7ed6ff64,event/3e54770d,INCLUDES
scene/7ed6ff64,event/20c82c2d,INCLUDES
scene/20f423be,event/5c7f9638,INCLUDES
scene/20f423be,event/99f57b7e,INCLUDES
scene/20f423be,event/aedd002b,INCLUDES
scene/20f423be,event/22c48bb5,INCLUDES
scene/20f423be,event/6994c258,INCLUDES
scene/20f423be,event/7b7cb2ac,INCLUDES
scene/20f423be,event/e8f4283e,INCLUDES
scene/20f423be,event/0d2c6957,INCLUDES
scene/20f423be,event/21fd1f14,INCLUDES
scene/20f423be,event/abf31038,INCLUDES
